{
	"class_name" : "PinholeCameraParameters",
	"extrinsic" : 
	[
		-0.76477617781650031,
		0.28344495559972482,
		-0.57859861302068016,
		0.0,
		-0.2138151795895705,
		0.73548689574573112,
		0.64291686489264521,
		0.0,
		0.60778323999717565,
		0.61540066893965761,
		-0.50187802287723005,
		0.0,
		-0.78905698634915322,
		-0.72346895818547607,
		2.2757244394987675,
		1.0
	],
	"intrinsic" : 
	{
		"height" : 1016,
		"intrinsic_matrix" : 
		[
			879.88181024498977,
			0.0,
			0.0,
			0.0,
			879.88181024498977,
			0.0,
			959.5,
			507.5,
			1.0
		],
		"width" : 1920
	},
	"version_major" : 1,
	"version_minor" : 0
}